"","wellplateindex","hours","replicateindex","genotype","week","treatment","deathstatus","season","location","fullid"
"1","a.01.2",63,"b.1.f","b","1","fasted",2,"summer","Virginia","Virginia-summer"
"2","a.01.3",58,"b.1.c","b","1","control",2,"summer","Virginia","Virginia-summer"
"3","a.01.4",121,"g.1.c","g","1","control",2,"fall","Pennsylvania","Pennsylvania-fall"
"4","a.02.1",57,"a.1.f","a","1","fasted",2,"summer","Virginia","Virginia-summer"
"5","a.02.2",63,"b.1.f","b","1","fasted",2,"summer","Virginia","Virginia-summer"
"6","a.02.3",72,"b.1.c","b","1","control",2,"summer","Virginia","Virginia-summer"
"7","a.02.4",59,"g.1.c","g","1","control",2,"fall","Pennsylvania","Pennsylvania-fall"
"8","a.03.1",54,"a.1.f","a","1","fasted",2,"summer","Virginia","Virginia-summer"
"9","a.03.2",98,"b.1.f","b","1","fasted",2,"summer","Virginia","Virginia-summer"
"10","a.03.3",57,"b.1.c","b","1","control",2,"summer","Virginia","Virginia-summer"
"11","a.03.4",130,"g.1.c","g","1","control",2,"fall","Pennsylvania","Pennsylvania-fall"
"12","a.04.1",61,"a.1.f","a","1","fasted",2,"summer","Virginia","Virginia-summer"
"13","a.04.2",57,"b.1.f","b","1","fasted",2,"summer","Virginia","Virginia-summer"
"14","a.04.3",55,"b.1.c","b","1","control",2,"summer","Virginia","Virginia-summer"
"15","a.04.4",116,"g.1.c","g","1","control",2,"fall","Pennsylvania","Pennsylvania-fall"
"16","a.05.1",69,"a.1.f","a","1","fasted",2,"summer","Virginia","Virginia-summer"
"17","a.05.2",51,"b.1.f","b","1","fasted",2,"summer","Virginia","Virginia-summer"
"18","a.05.3",111,"b.1.c","b","1","control",2,"summer","Virginia","Virginia-summer"
"19","a.05.4",124,"g.1.c","g","1","control",2,"fall","Pennsylvania","Pennsylvania-fall"
"20","a.06.1",96,"a.1.f","a","1","fasted",2,"summer","Virginia","Virginia-summer"
"21","a.06.2",86,"b.1.f","b","1","fasted",2,"summer","Virginia","Virginia-summer"
"22","a.06.3",69,"c.1.c","c","1","control",2,"fall","Virginia","Virginia-fall"
"23","a.06.4",90,"g.1.c","g","1","control",2,"fall","Pennsylvania","Pennsylvania-fall"
"24","a.07.1",69,"a.1.f","a","1","fasted",2,"summer","Virginia","Virginia-summer"
"25","a.07.2",63,"b.1.f","b","1","fasted",2,"summer","Virginia","Virginia-summer"
"26","a.07.3",74,"c.1.c","c","1","control",2,"fall","Virginia","Virginia-fall"
"27","a.07.4",106,"g.1.c","g","1","control",2,"fall","Pennsylvania","Pennsylvania-fall"
"28","a.08.1",50,"a.1.f","a","1","fasted",2,"summer","Virginia","Virginia-summer"
"29","a.08.2",72,"b.1.f","b","1","fasted",2,"summer","Virginia","Virginia-summer"
"30","a.08.3",113,"c.1.c","c","1","control",2,"fall","Virginia","Virginia-fall"
"31","a.09.1",54,"a.1.f","a","1","fasted",2,"summer","Virginia","Virginia-summer"
"32","a.09.2",67,"b.1.f","b","1","fasted",2,"summer","Virginia","Virginia-summer"
"33","a.09.3",97,"c.1.c","c","1","control",2,"fall","Virginia","Virginia-fall"
"34","a.09.4",94,"g.1.c","g","1","control",2,"fall","Pennsylvania","Pennsylvania-fall"
"35","a.10.1",56,"a.1.f","a","1","fasted",2,"summer","Virginia","Virginia-summer"
"36","a.10.2",77,"b.1.f","b","1","fasted",2,"summer","Virginia","Virginia-summer"
"37","a.10.3",61,"c.1.c","c","1","control",2,"fall","Virginia","Virginia-fall"
"38","a.10.4",62,"g.1.c","g","1","control",2,"fall","Pennsylvania","Pennsylvania-fall"
"39","a.11.1",62,"a.1.f","a","1","fasted",2,"summer","Virginia","Virginia-summer"
"40","a.11.2",73,"b.1.f","b","1","fasted",2,"summer","Virginia","Virginia-summer"
"41","a.11.3",88,"c.1.c","c","1","control",2,"fall","Virginia","Virginia-fall"
"42","a.11.4",124,"g.1.c","g","1","control",2,"fall","Pennsylvania","Pennsylvania-fall"
"43","a.12.1",77,"a.1.f","a","1","fasted",2,"summer","Virginia","Virginia-summer"
"44","a.12.2",81,"b.1.f","b","1","fasted",2,"summer","Virginia","Virginia-summer"
"45","a.12.3",53,"c.1.c","c","1","control",2,"fall","Virginia","Virginia-fall"
"46","b.01.1",50,"a.1.f","a","1","fasted",2,"summer","Virginia","Virginia-summer"
"47","b.01.2",82,"b.1.f","b","1","fasted",2,"summer","Virginia","Virginia-summer"
"48","b.01.3",90,"c.1.c","c","1","control",2,"fall","Virginia","Virginia-fall"
"49","b.02.1",68,"a.1.f","a","1","fasted",2,"summer","Virginia","Virginia-summer"
"50","b.02.2",79,"b.1.f","b","1","fasted",2,"summer","Virginia","Virginia-summer"
"51","b.02.3",93,"c.1.c","c","1","control",2,"fall","Virginia","Virginia-fall"
"52","b.02.4",102,"g.1.c","g","1","control",2,"fall","Pennsylvania","Pennsylvania-fall"
"53","b.03.1",51,"a.1.f","a","1","fasted",2,"summer","Virginia","Virginia-summer"
"54","b.03.2",77,"b.1.f","b","1","fasted",2,"summer","Virginia","Virginia-summer"
"55","b.03.3",74,"c.1.c","c","1","control",2,"fall","Virginia","Virginia-fall"
"56","b.03.4",58,"g.1.c","g","1","control",2,"fall","Pennsylvania","Pennsylvania-fall"
"57","b.04.1",87,"a.1.f","a","1","fasted",2,"summer","Virginia","Virginia-summer"
"58","b.04.2",39,"b.1.f","b","1","fasted",2,"summer","Virginia","Virginia-summer"
"59","b.04.3",113,"c.1.c","c","1","control",2,"fall","Virginia","Virginia-fall"
"60","b.04.4",104,"g.1.c","g","1","control",2,"fall","Pennsylvania","Pennsylvania-fall"
"61","b.05.1",90,"a.1.f","a","1","fasted",2,"summer","Virginia","Virginia-summer"
"62","b.05.2",106,"b.1.f","b","1","fasted",2,"summer","Virginia","Virginia-summer"
"63","b.05.3",92,"c.1.c","c","1","control",2,"fall","Virginia","Virginia-fall"
"64","b.05.4",98,"g.1.c","g","1","control",2,"fall","Pennsylvania","Pennsylvania-fall"
"65","b.06.1",56,"a.1.f","a","1","fasted",2,"summer","Virginia","Virginia-summer"
"66","b.06.2",56,"c.1.f","c","1","fasted",2,"fall","Virginia","Virginia-fall"
"67","b.06.3",123,"c.1.c","c","1","control",2,"fall","Virginia","Virginia-fall"
"68","b.06.4",97,"g.1.c","g","1","control",2,"fall","Pennsylvania","Pennsylvania-fall"
"69","b.07.1",43,"a.1.f","a","1","fasted",2,"summer","Virginia","Virginia-summer"
"70","b.07.2",85,"c.1.f","c","1","fasted",2,"fall","Virginia","Virginia-fall"
"71","b.07.3",69,"c.1.c","c","1","control",2,"fall","Virginia","Virginia-fall"
"72","b.07.4",85,"g.1.c","g","1","control",2,"fall","Pennsylvania","Pennsylvania-fall"
"73","b.08.1",69,"a.1.f","a","1","fasted",2,"summer","Virginia","Virginia-summer"
"74","b.08.2",11,"c.1.f","c","1","fasted",2,"fall","Virginia","Virginia-fall"
"75","b.08.3",78,"c.1.c","c","1","control",2,"fall","Virginia","Virginia-fall"
"76","b.08.4",119,"h.1.c","h","1","control",2,"fall","Pennsylvania","Pennsylvania-fall"
"77","b.09.1",89,"g.1.f","g","1","fasted",2,"fall","Pennsylvania","Pennsylvania-fall"
"78","b.09.2",57,"c.1.f","c","1","fasted",2,"fall","Virginia","Virginia-fall"
"79","b.09.3",71,"c.1.c","c","1","control",2,"fall","Virginia","Virginia-fall"
"80","b.09.4",83,"h.1.c","h","1","control",2,"fall","Pennsylvania","Pennsylvania-fall"
"81","b.10.1",17,"g.1.f","g","1","fasted",2,"fall","Pennsylvania","Pennsylvania-fall"
"82","b.10.2",69,"c.1.f","c","1","fasted",2,"fall","Virginia","Virginia-fall"
"83","b.10.3",58,"c.1.c","c","1","control",2,"fall","Virginia","Virginia-fall"
"84","b.10.4",59,"h.1.c","h","1","control",2,"fall","Pennsylvania","Pennsylvania-fall"
"85","b.11.1",108,"g.1.f","g","1","fasted",2,"fall","Pennsylvania","Pennsylvania-fall"
"86","b.11.2",76,"c.1.f","c","1","fasted",2,"fall","Virginia","Virginia-fall"
"87","b.11.3",95,"c.1.c","c","1","control",2,"fall","Virginia","Virginia-fall"
"88","b.11.4",100,"h.1.c","h","1","control",2,"fall","Pennsylvania","Pennsylvania-fall"
"89","b.12.1",111,"g.1.f","g","1","fasted",2,"fall","Pennsylvania","Pennsylvania-fall"
"90","b.12.2",44,"c.1.f","c","1","fasted",2,"fall","Virginia","Virginia-fall"
"91","b.12.3",91,"c.1.c","c","1","control",2,"fall","Virginia","Virginia-fall"
"92","b.12.4",6,"h.1.c","h","1","control",2,"fall","Pennsylvania","Pennsylvania-fall"
"93","c.01.1",113,"g.1.f","g","1","fasted",2,"fall","Pennsylvania","Pennsylvania-fall"
"94","c.01.2",10,"c.1.f","c","1","fasted",2,"fall","Virginia","Virginia-fall"
"95","c.01.3",91,"c.1.c","c","1","control",2,"fall","Virginia","Virginia-fall"
"96","c.01.4",78,"h.1.c","h","1","control",2,"fall","Pennsylvania","Pennsylvania-fall"
"97","c.02.1",85,"g.1.f","g","1","fasted",2,"fall","Pennsylvania","Pennsylvania-fall"
"98","c.02.2",55,"c.1.f","c","1","fasted",2,"fall","Virginia","Virginia-fall"
"99","c.02.3",46,"c.1.c","c","1","control",2,"fall","Virginia","Virginia-fall"
"100","c.02.4",61,"h.1.c","h","1","control",2,"fall","Pennsylvania","Pennsylvania-fall"
"101","c.03.1",95,"g.1.f","g","1","fasted",2,"fall","Pennsylvania","Pennsylvania-fall"
"102","c.03.2",93,"c.1.f","c","1","fasted",2,"fall","Virginia","Virginia-fall"
"103","c.03.3",57,"c.1.c","c","1","control",2,"fall","Virginia","Virginia-fall"
"104","c.03.4",47,"h.1.c","h","1","control",2,"fall","Pennsylvania","Pennsylvania-fall"
"105","c.04.1",130,"g.1.f","g","1","fasted",2,"fall","Pennsylvania","Pennsylvania-fall"
"106","c.04.2",74,"c.1.f","c","1","fasted",2,"fall","Virginia","Virginia-fall"
"107","c.04.3",48,"d.1.c","d","1","control",2,"fall","Virginia","Virginia-fall"
"108","c.04.4",98,"h.1.c","h","1","control",2,"fall","Pennsylvania","Pennsylvania-fall"
"109","c.05.1",107,"g.1.f","g","1","fasted",2,"fall","Pennsylvania","Pennsylvania-fall"
"110","c.05.2",79,"c.1.f","c","1","fasted",2,"fall","Virginia","Virginia-fall"
"111","c.05.3",96,"d.1.c","d","1","control",2,"fall","Virginia","Virginia-fall"
"112","c.05.4",65,"h.1.c","h","1","control",2,"fall","Pennsylvania","Pennsylvania-fall"
"113","c.06.1",114,"g.1.f","g","1","fasted",2,"fall","Pennsylvania","Pennsylvania-fall"
"114","c.06.2",71,"c.1.f","c","1","fasted",2,"fall","Virginia","Virginia-fall"
"115","c.06.3",28,"d.1.c","d","1","control",2,"fall","Virginia","Virginia-fall"
"116","c.06.4",55,"h.1.c","h","1","control",2,"fall","Pennsylvania","Pennsylvania-fall"
"117","c.07.1",126,"g.1.f","g","1","fasted",2,"fall","Pennsylvania","Pennsylvania-fall"
"118","c.07.2",65,"c.1.f","c","1","fasted",2,"fall","Virginia","Virginia-fall"
"119","c.07.3",65,"d.1.c","d","1","control",2,"fall","Virginia","Virginia-fall"
"120","c.07.4",72,"h.1.c","h","1","control",2,"fall","Pennsylvania","Pennsylvania-fall"
"121","c.08.1",117,"g.1.f","g","1","fasted",2,"fall","Pennsylvania","Pennsylvania-fall"
"122","c.08.2",64,"c.1.f","c","1","fasted",2,"fall","Virginia","Virginia-fall"
"123","c.08.3",112,"d.1.c","d","1","control",2,"fall","Virginia","Virginia-fall"
"124","c.08.4",58,"h.1.c","h","1","control",2,"fall","Pennsylvania","Pennsylvania-fall"
"125","c.09.1",112,"g.1.f","g","1","fasted",2,"fall","Pennsylvania","Pennsylvania-fall"
"126","c.09.2",93,"c.1.f","c","1","fasted",2,"fall","Virginia","Virginia-fall"
"127","c.09.3",78,"d.1.c","d","1","control",2,"fall","Virginia","Virginia-fall"
"128","c.09.4",48,"h.1.c","h","1","control",2,"fall","Pennsylvania","Pennsylvania-fall"
"129","c.10.1",87,"g.1.f","g","1","fasted",2,"fall","Pennsylvania","Pennsylvania-fall"
"130","c.10.2",57,"c.1.f","c","1","fasted",2,"fall","Virginia","Virginia-fall"
"131","c.10.3",55,"d.1.c","d","1","control",2,"fall","Virginia","Virginia-fall"
"132","c.10.4",107,"h.1.c","h","1","control",2,"fall","Pennsylvania","Pennsylvania-fall"
"133","c.11.1",87,"g.1.f","g","1","fasted",2,"fall","Pennsylvania","Pennsylvania-fall"
"134","c.11.2",52,"c.1.f","c","1","fasted",2,"fall","Virginia","Virginia-fall"
"135","c.11.3",64,"d.1.c","d","1","control",2,"fall","Virginia","Virginia-fall"
"136","c.11.4",49,"h.1.c","h","1","control",2,"fall","Pennsylvania","Pennsylvania-fall"
"137","c.12.1",107,"g.1.f","g","1","fasted",2,"fall","Pennsylvania","Pennsylvania-fall"
"138","c.12.2",58,"c.1.f","c","1","fasted",2,"fall","Virginia","Virginia-fall"
"139","c.12.3",101,"d.1.c","d","1","control",2,"fall","Virginia","Virginia-fall"
"140","c.12.4",62,"h.1.c","h","1","control",2,"fall","Pennsylvania","Pennsylvania-fall"
"141","d.01.1",87,"g.1.f","g","1","fasted",2,"fall","Pennsylvania","Pennsylvania-fall"
"142","d.01.2",122,"d.1.f","d","1","fasted",2,"fall","Virginia","Virginia-fall"
"143","d.01.3",90,"d.1.c","d","1","control",2,"fall","Virginia","Virginia-fall"
"144","d.01.4",66,"h.1.c","h","1","control",2,"fall","Pennsylvania","Pennsylvania-fall"
"145","d.02.1",73,"g.1.f","g","1","fasted",2,"fall","Pennsylvania","Pennsylvania-fall"
"146","d.02.2",106,"d.1.f","d","1","fasted",2,"fall","Virginia","Virginia-fall"
"147","d.02.3",68,"d.1.c","d","1","control",2,"fall","Virginia","Virginia-fall"
"148","d.03.1",107,"g.1.f","g","1","fasted",2,"fall","Pennsylvania","Pennsylvania-fall"
"149","d.03.2",84,"d.1.f","d","1","fasted",2,"fall","Virginia","Virginia-fall"
"150","d.03.3",66,"d.1.c","d","1","control",2,"fall","Virginia","Virginia-fall"
"151","d.04.1",126,"g.1.f","g","1","fasted",2,"fall","Pennsylvania","Pennsylvania-fall"
"152","d.04.2",76,"d.1.f","d","1","fasted",2,"fall","Virginia","Virginia-fall"
"153","d.04.3",90,"d.1.c","d","1","control",2,"fall","Virginia","Virginia-fall"
"154","d.05.1",72,"h.1.f","h","1","fasted",2,"fall","Pennsylvania","Pennsylvania-fall"
"155","d.05.2",104,"d.1.f","d","1","fasted",2,"fall","Virginia","Virginia-fall"
"156","d.05.3",47,"d.1.c","d","1","control",2,"fall","Virginia","Virginia-fall"
"157","d.06.1",97,"h.1.f","h","1","fasted",2,"fall","Pennsylvania","Pennsylvania-fall"
"158","d.06.2",55,"d.1.f","d","1","fasted",2,"fall","Virginia","Virginia-fall"
"159","d.06.3",98,"d.1.c","d","1","control",2,"fall","Virginia","Virginia-fall"
"160","d.07.1",48,"h.1.f","h","1","fasted",2,"fall","Pennsylvania","Pennsylvania-fall"
"161","d.07.2",71,"d.1.f","d","1","fasted",2,"fall","Virginia","Virginia-fall"
"162","d.07.3",80,"d.1.c","d","1","control",2,"fall","Virginia","Virginia-fall"
"163","d.08.1",69,"h.1.f","h","1","fasted",2,"fall","Pennsylvania","Pennsylvania-fall"
"164","d.08.2",91,"d.1.f","d","1","fasted",2,"fall","Virginia","Virginia-fall"
"165","d.08.3",46,"d.1.c","d","1","control",2,"fall","Virginia","Virginia-fall"
"166","d.09.1",52,"h.1.f","h","1","fasted",2,"fall","Pennsylvania","Pennsylvania-fall"
"167","d.09.2",106,"d.1.f","d","1","fasted",2,"fall","Virginia","Virginia-fall"
"168","d.09.3",77,"d.1.c","d","1","control",2,"fall","Virginia","Virginia-fall"
"169","d.10.1",69,"h.1.f","h","1","fasted",2,"fall","Pennsylvania","Pennsylvania-fall"
"170","d.10.2",53,"d.1.f","d","1","fasted",2,"fall","Virginia","Virginia-fall"
"171","d.10.3",101,"e.1.c","e","1","control",2,"summer","Pennsylvania","Pennsylvania-summer"
"172","d.11.1",70,"h.1.f","h","1","fasted",2,"fall","Pennsylvania","Pennsylvania-fall"
"173","d.11.2",66,"d.1.f","d","1","fasted",2,"fall","Virginia","Virginia-fall"
"174","d.11.3",74,"e.1.c","e","1","control",2,"summer","Pennsylvania","Pennsylvania-summer"
"175","d.12.1",94,"h.1.f","h","1","fasted",2,"fall","Pennsylvania","Pennsylvania-fall"
"176","d.12.2",96,"d.1.f","d","1","fasted",2,"fall","Virginia","Virginia-fall"
"177","e.01.1",47,"h.1.f","h","1","fasted",2,"fall","Pennsylvania","Pennsylvania-fall"
"178","e.01.2",100,"d.1.f","d","1","fasted",2,"fall","Virginia","Virginia-fall"
"179","e.01.3",100,"e.1.c","e","1","control",2,"summer","Pennsylvania","Pennsylvania-summer"
"180","e.02.1",55,"h.1.f","h","1","fasted",2,"fall","Pennsylvania","Pennsylvania-fall"
"181","e.02.2",112,"d.1.f","d","1","fasted",2,"fall","Virginia","Virginia-fall"
"182","e.02.3",84,"e.1.c","e","1","control",2,"summer","Pennsylvania","Pennsylvania-summer"
"183","e.03.1",74,"h.1.f","h","1","fasted",2,"fall","Pennsylvania","Pennsylvania-fall"
"184","e.03.2",118,"d.1.f","d","1","fasted",2,"fall","Virginia","Virginia-fall"
"185","e.03.3",102,"e.1.c","e","1","control",2,"summer","Pennsylvania","Pennsylvania-summer"
"186","e.04.1",50,"h.1.f","h","1","fasted",2,"fall","Pennsylvania","Pennsylvania-fall"
"187","e.04.2",55,"d.1.f","d","1","fasted",2,"fall","Virginia","Virginia-fall"
"188","e.04.3",76,"e.1.c","e","1","control",2,"summer","Pennsylvania","Pennsylvania-summer"
"189","e.05.1",77,"h.1.f","h","1","fasted",2,"fall","Pennsylvania","Pennsylvania-fall"
"190","e.05.2",61,"d.1.f","d","1","fasted",2,"fall","Virginia","Virginia-fall"
"191","e.05.3",38,"e.1.c","e","1","control",2,"summer","Pennsylvania","Pennsylvania-summer"
"192","e.06.1",51,"h.1.f","h","1","fasted",2,"fall","Pennsylvania","Pennsylvania-fall"
"193","e.06.2",105,"d.1.f","d","1","fasted",2,"fall","Virginia","Virginia-fall"
"194","e.06.3",63,"e.1.c","e","1","control",2,"summer","Pennsylvania","Pennsylvania-summer"
"195","e.07.1",85,"h.1.f","h","1","fasted",2,"fall","Pennsylvania","Pennsylvania-fall"
"196","e.07.2",33,"d.1.f","d","1","fasted",2,"fall","Virginia","Virginia-fall"
"197","e.07.3",88,"e.1.c","e","1","control",2,"summer","Pennsylvania","Pennsylvania-summer"
"198","e.08.1",47,"h.1.f","h","1","fasted",2,"fall","Pennsylvania","Pennsylvania-fall"
"199","e.08.2",18,"d.1.f","d","1","fasted",2,"fall","Virginia","Virginia-fall"
"200","e.08.3",104,"e.1.c","e","1","control",2,"summer","Pennsylvania","Pennsylvania-summer"
"201","e.09.1",85,"h.1.f","h","1","fasted",2,"fall","Pennsylvania","Pennsylvania-fall"
"202","e.09.2",72,"e.1.f","e","1","fasted",2,"summer","Pennsylvania","Pennsylvania-summer"
"203","e.09.3",25,"e.1.c","e","1","control",2,"summer","Pennsylvania","Pennsylvania-summer"
"204","e.10.1",69,"h.1.f","h","1","fasted",2,"fall","Pennsylvania","Pennsylvania-fall"
"205","e.10.2",120,"e.1.f","e","1","fasted",2,"summer","Pennsylvania","Pennsylvania-summer"
"206","e.10.3",96,"e.1.c","e","1","control",2,"summer","Pennsylvania","Pennsylvania-summer"
"207","e.11.1",84,"h.1.f","h","1","fasted",2,"fall","Pennsylvania","Pennsylvania-fall"
"208","e.11.2",66,"e.1.f","e","1","fasted",2,"summer","Pennsylvania","Pennsylvania-summer"
"209","e.11.3",81,"e.1.c","e","1","control",2,"summer","Pennsylvania","Pennsylvania-summer"
"210","e.12.1",69,"h.1.f","h","1","fasted",2,"fall","Pennsylvania","Pennsylvania-fall"
"211","e.12.2",103,"e.1.f","e","1","fasted",2,"summer","Pennsylvania","Pennsylvania-summer"
"212","e.12.3",81,"e.1.c","e","1","control",2,"summer","Pennsylvania","Pennsylvania-summer"
"213","f.01.1",42,"a.1.c","a","1","control",2,"summer","Virginia","Virginia-summer"
"214","f.01.2",79,"e.1.f","e","1","fasted",2,"summer","Pennsylvania","Pennsylvania-summer"
"215","f.01.3",86,"e.1.c","e","1","control",2,"summer","Pennsylvania","Pennsylvania-summer"
"216","f.02.1",44,"a.1.c","a","1","control",2,"summer","Virginia","Virginia-summer"
"217","f.02.2",35,"e.1.f","e","1","fasted",2,"summer","Pennsylvania","Pennsylvania-summer"
"218","f.02.3",108,"e.1.c","e","1","control",2,"summer","Pennsylvania","Pennsylvania-summer"
"219","f.03.1",80,"a.1.c","a","1","control",2,"summer","Virginia","Virginia-summer"
"220","f.03.2",126,"e.1.f","e","1","fasted",2,"summer","Pennsylvania","Pennsylvania-summer"
"221","f.03.3",71,"e.1.c","e","1","control",2,"summer","Pennsylvania","Pennsylvania-summer"
"222","f.04.1",67,"a.1.c","a","1","control",2,"summer","Virginia","Virginia-summer"
"223","f.04.2",64,"e.1.f","e","1","fasted",2,"summer","Pennsylvania","Pennsylvania-summer"
"224","f.04.3",65,"e.1.c","e","1","control",2,"summer","Pennsylvania","Pennsylvania-summer"
"225","f.05.1",51,"a.1.c","a","1","control",2,"summer","Virginia","Virginia-summer"
"226","f.05.2",108,"e.1.f","e","1","fasted",2,"summer","Pennsylvania","Pennsylvania-summer"
"227","f.05.3",93,"e.1.c","e","1","control",2,"summer","Pennsylvania","Pennsylvania-summer"
"228","f.06.1",6,"a.1.c","a","1","control",2,"summer","Virginia","Virginia-summer"
"229","f.06.2",93,"e.1.f","e","1","fasted",2,"summer","Pennsylvania","Pennsylvania-summer"
"230","f.06.3",116,"e.1.c","e","1","control",2,"summer","Pennsylvania","Pennsylvania-summer"
"231","f.07.1",64,"a.1.c","a","1","control",2,"summer","Virginia","Virginia-summer"
"232","f.07.2",124,"e.1.f","e","1","fasted",2,"summer","Pennsylvania","Pennsylvania-summer"
"233","f.07.3",76,"f.1.c","f","1","control",2,"summer","Pennsylvania","Pennsylvania-summer"
"234","f.08.1",39,"a.1.c","a","1","control",2,"summer","Virginia","Virginia-summer"
"235","f.08.2",84,"e.1.f","e","1","fasted",2,"summer","Pennsylvania","Pennsylvania-summer"
"236","f.08.3",65,"f.1.c","f","1","control",2,"summer","Pennsylvania","Pennsylvania-summer"
"237","f.09.1",75,"a.1.c","a","1","control",2,"summer","Virginia","Virginia-summer"
"238","f.09.2",66,"e.1.f","e","1","fasted",2,"summer","Pennsylvania","Pennsylvania-summer"
"239","f.09.3",59,"f.1.c","f","1","control",2,"summer","Pennsylvania","Pennsylvania-summer"
"240","f.10.1",65,"a.1.c","a","1","control",2,"summer","Virginia","Virginia-summer"
"241","f.10.2",69,"e.1.f","e","1","fasted",2,"summer","Pennsylvania","Pennsylvania-summer"
"242","f.10.3",35,"f.1.c","f","1","control",2,"summer","Pennsylvania","Pennsylvania-summer"
"243","f.11.1",53,"a.1.c","a","1","control",2,"summer","Virginia","Virginia-summer"
"244","f.11.2",73,"e.1.f","e","1","fasted",2,"summer","Pennsylvania","Pennsylvania-summer"
"245","f.11.3",111,"f.1.c","f","1","control",2,"summer","Pennsylvania","Pennsylvania-summer"
"246","f.12.1",95,"a.1.c","a","1","control",2,"summer","Virginia","Virginia-summer"
"247","f.12.2",80,"e.1.f","e","1","fasted",2,"summer","Pennsylvania","Pennsylvania-summer"
"248","f.12.3",98,"f.1.c","f","1","control",2,"summer","Pennsylvania","Pennsylvania-summer"
"249","g.01.1",26,"a.1.c","a","1","control",2,"summer","Virginia","Virginia-summer"
"250","g.01.2",94,"e.1.f","e","1","fasted",2,"summer","Pennsylvania","Pennsylvania-summer"
"251","g.01.3",99,"f.1.c","f","1","control",2,"summer","Pennsylvania","Pennsylvania-summer"
"252","g.02.1",49,"a.1.c","a","1","control",2,"summer","Virginia","Virginia-summer"
"253","g.02.2",63,"e.1.f","e","1","fasted",2,"summer","Pennsylvania","Pennsylvania-summer"
"254","g.02.3",136,"f.1.c","f","1","control",2,"summer","Pennsylvania","Pennsylvania-summer"
"255","g.03.1",73,"a.1.c","a","1","control",2,"summer","Virginia","Virginia-summer"
"256","g.03.2",58,"f.1.f","f","1","fasted",2,"summer","Pennsylvania","Pennsylvania-summer"
"257","g.03.3",67,"f.1.c","f","1","control",2,"summer","Pennsylvania","Pennsylvania-summer"
"258","g.04.1",29,"a.1.c","a","1","control",2,"summer","Virginia","Virginia-summer"
"259","g.04.2",7,"f.1.f","f","1","fasted",2,"summer","Pennsylvania","Pennsylvania-summer"
"260","g.04.3",73,"f.1.c","f","1","control",2,"summer","Pennsylvania","Pennsylvania-summer"
"261","g.05.1",81,"a.1.c","a","1","control",2,"summer","Virginia","Virginia-summer"
"262","g.05.2",105,"f.1.f","f","1","fasted",2,"summer","Pennsylvania","Pennsylvania-summer"
"263","g.05.3",30,"f.1.c","f","1","control",2,"summer","Pennsylvania","Pennsylvania-summer"
"264","g.06.1",18,"a.1.c","a","1","control",2,"summer","Virginia","Virginia-summer"
"265","g.06.2",94,"f.1.f","f","1","fasted",2,"summer","Pennsylvania","Pennsylvania-summer"
"266","g.06.3",6,"f.1.c","f","1","control",2,"summer","Pennsylvania","Pennsylvania-summer"
"267","g.07.1",41,"a.1.c","a","1","control",2,"summer","Virginia","Virginia-summer"
"268","g.07.2",96,"f.1.f","f","1","fasted",2,"summer","Pennsylvania","Pennsylvania-summer"
"269","g.07.3",71,"f.1.c","f","1","control",2,"summer","Pennsylvania","Pennsylvania-summer"
"270","g.08.1",77,"b.1.c","b","1","control",2,"summer","Virginia","Virginia-summer"
"271","g.08.2",80,"f.1.f","f","1","fasted",2,"summer","Pennsylvania","Pennsylvania-summer"
"272","g.08.3",67,"f.1.c","f","1","control",2,"summer","Pennsylvania","Pennsylvania-summer"
"273","g.09.1",80,"b.1.c","b","1","control",2,"summer","Virginia","Virginia-summer"
"274","g.09.2",91,"f.1.f","f","1","fasted",2,"summer","Pennsylvania","Pennsylvania-summer"
"275","g.09.3",35,"f.1.c","f","1","control",2,"summer","Pennsylvania","Pennsylvania-summer"
"276","g.10.1",58,"b.1.c","b","1","control",2,"summer","Virginia","Virginia-summer"
"277","g.10.2",67,"f.1.f","f","1","fasted",2,"summer","Pennsylvania","Pennsylvania-summer"
"278","g.10.3",43,"f.1.c","f","1","control",2,"summer","Pennsylvania","Pennsylvania-summer"
"279","g.11.1",80,"b.1.c","b","1","control",2,"summer","Virginia","Virginia-summer"
"280","g.11.2",97,"f.1.f","f","1","fasted",2,"summer","Pennsylvania","Pennsylvania-summer"
"281","g.11.3",58,"f.1.c","f","1","control",2,"summer","Pennsylvania","Pennsylvania-summer"
"282","g.12.1",94,"b.1.c","b","1","control",2,"summer","Virginia","Virginia-summer"
"283","g.12.2",92,"f.1.f","f","1","fasted",2,"summer","Pennsylvania","Pennsylvania-summer"
"284","g.12.3",22,"f.1.c","f","1","control",2,"summer","Pennsylvania","Pennsylvania-summer"
"285","h.01.1",110,"b.1.c","b","1","control",2,"summer","Virginia","Virginia-summer"
"286","h.01.2",80,"f.1.f","f","1","fasted",2,"summer","Pennsylvania","Pennsylvania-summer"
"287","h.01.3",78,"f.1.c","f","1","control",2,"summer","Pennsylvania","Pennsylvania-summer"
"288","h.02.1",76,"b.1.c","b","1","control",2,"summer","Virginia","Virginia-summer"
"289","h.02.2",58,"f.1.f","f","1","fasted",2,"summer","Pennsylvania","Pennsylvania-summer"
"290","h.03.2",87,"f.1.f","f","1","fasted",2,"summer","Pennsylvania","Pennsylvania-summer"
"291","h.04.1",92,"b.1.c","b","1","control",2,"summer","Virginia","Virginia-summer"
"292","h.04.2",88,"f.1.f","f","1","fasted",2,"summer","Pennsylvania","Pennsylvania-summer"
"293","h.05.1",51,"b.1.c","b","1","control",2,"summer","Virginia","Virginia-summer"
"294","h.05.2",119,"f.1.f","f","1","fasted",2,"summer","Pennsylvania","Pennsylvania-summer"
"295","h.06.1",87,"b.1.c","b","1","control",2,"summer","Virginia","Virginia-summer"
"296","h.06.2",79,"f.1.f","f","1","fasted",2,"summer","Pennsylvania","Pennsylvania-summer"
"297","h.07.1",75,"b.1.c","b","1","control",2,"summer","Virginia","Virginia-summer"
"298","h.07.2",117,"f.1.f","f","1","fasted",2,"summer","Pennsylvania","Pennsylvania-summer"
"299","h.08.1",58,"b.1.c","b","1","control",2,"summer","Virginia","Virginia-summer"
"300","h.08.2",101,"f.1.f","f","1","fasted",2,"summer","Pennsylvania","Pennsylvania-summer"
"301","h.09.1",107,"b.1.c","b","1","control",2,"summer","Virginia","Virginia-summer"
"302","h.10.1",71,"b.1.c","b","1","control",2,"summer","Virginia","Virginia-summer"
"303","h.11.1",70,"b.1.c","b","1","control",2,"summer","Virginia","Virginia-summer"
"304","h.12.1",57,"b.1.c","b","1","control",2,"summer","Virginia","Virginia-summer"
"305","a.01.1",80,"a.2.f","a","2","fasted",2,"summer","Virginia","Virginia-summer"
"306","a.01.2",45,"f.2.f","f","2","fasted",2,"summer","Pennsylvania","Pennsylvania-summer"
"307","a.01.3",67,"c.2.c","c","2","control",2,"fall","Virginia","Virginia-fall"
"308","a.02.1",70,"a.2.f","a","2","fasted",2,"summer","Virginia","Virginia-summer"
"309","a.02.2",89,"f.2.f","f","2","fasted",2,"summer","Pennsylvania","Pennsylvania-summer"
"310","a.02.3",116,"c.2.c","c","2","control",2,"fall","Virginia","Virginia-fall"
"311","a.03.3",53,"c.2.c","c","2","control",2,"fall","Virginia","Virginia-fall"
"312","a.04.1",88,"a.2.f","a","2","fasted",2,"summer","Virginia","Virginia-summer"
"313","a.04.2",90,"f.2.f","f","2","fasted",2,"summer","Pennsylvania","Pennsylvania-summer"
"314","a.04.3",62,"c.2.c","c","2","control",2,"fall","Virginia","Virginia-fall"
"315","a.05.1",61,"a.2.f","a","2","fasted",2,"summer","Virginia","Virginia-summer"
"316","a.05.2",200,"f.2.f","f","2","fasted",1,"summer","Pennsylvania","Pennsylvania-summer"
"317","a.05.3",85,"c.2.c","c","2","control",2,"fall","Virginia","Virginia-fall"
"318","a.06.1",85,"a.2.f","a","2","fasted",2,"summer","Virginia","Virginia-summer"
"319","a.06.2",90,"f.2.f","f","2","fasted",2,"summer","Pennsylvania","Pennsylvania-summer"
"320","a.06.3",57,"c.2.c","c","2","control",2,"fall","Virginia","Virginia-fall"
"321","a.07.1",55,"a.2.f","a","2","fasted",2,"summer","Virginia","Virginia-summer"
"322","a.07.2",67,"f.2.f","f","2","fasted",2,"summer","Pennsylvania","Pennsylvania-summer"
"323","a.07.3",111,"c.2.c","c","2","control",2,"fall","Virginia","Virginia-fall"
"324","a.08.1",23,"a.2.f","a","2","fasted",2,"summer","Virginia","Virginia-summer"
"325","a.08.2",200,"f.2.f","f","2","fasted",1,"summer","Pennsylvania","Pennsylvania-summer"
"326","a.08.3",59,"c.2.c","c","2","control",2,"fall","Virginia","Virginia-fall"
"327","a.09.1",45,"a.2.f","a","2","fasted",2,"summer","Virginia","Virginia-summer"
"328","a.09.2",74,"f.2.f","f","2","fasted",2,"summer","Pennsylvania","Pennsylvania-summer"
"329","a.09.3",88,"c.2.c","c","2","control",2,"fall","Virginia","Virginia-fall"
"330","a.10.1",65,"a.2.f","a","2","fasted",2,"summer","Virginia","Virginia-summer"
"331","a.10.2",143,"f.2.f","f","2","fasted",2,"summer","Pennsylvania","Pennsylvania-summer"
"332","a.10.3",81,"c.2.c","c","2","control",2,"fall","Virginia","Virginia-fall"
"333","a.11.1",64,"a.2.f","a","2","fasted",2,"summer","Virginia","Virginia-summer"
"334","a.11.2",145,"f.2.f","f","2","fasted",2,"summer","Pennsylvania","Pennsylvania-summer"
"335","a.11.3",12,"c.2.c","c","2","control",2,"fall","Virginia","Virginia-fall"
"336","a.12.1",123,"a.2.f","a","2","fasted",2,"summer","Virginia","Virginia-summer"
"337","a.12.3",52,"c.2.c","c","2","control",2,"fall","Virginia","Virginia-fall"
"338","b.01.1",72,"a.2.f","a","2","fasted",2,"summer","Virginia","Virginia-summer"
"339","b.01.2",69,"f.2.f","f","2","fasted",2,"summer","Pennsylvania","Pennsylvania-summer"
"340","b.01.3",20,"c.2.c","c","2","control",2,"fall","Virginia","Virginia-fall"
"341","b.02.1",92,"a.2.f","a","2","fasted",2,"summer","Virginia","Virginia-summer"
"342","b.02.2",37,"f.2.f","f","2","fasted",2,"summer","Pennsylvania","Pennsylvania-summer"
"343","b.02.3",60,"c.2.c","c","2","control",2,"fall","Virginia","Virginia-fall"
"344","b.03.1",55,"a.2.f","a","2","fasted",2,"summer","Virginia","Virginia-summer"
"345","b.03.2",38,"f.2.f","f","2","fasted",2,"summer","Pennsylvania","Pennsylvania-summer"
"346","b.03.3",53,"c.2.c","c","2","control",2,"fall","Virginia","Virginia-fall"
"347","b.04.1",38,"a.2.f","a","2","fasted",2,"summer","Virginia","Virginia-summer"
"348","b.04.2",7,"f.2.f","f","2","fasted",2,"summer","Pennsylvania","Pennsylvania-summer"
"349","b.04.3",92,"c.2.c","c","2","control",2,"fall","Virginia","Virginia-fall"
"350","b.05.1",70,"a.2.f","a","2","fasted",2,"summer","Virginia","Virginia-summer"
"351","b.05.2",44,"f.2.f","f","2","fasted",2,"summer","Pennsylvania","Pennsylvania-summer"
"352","b.05.3",86,"c.2.c","c","2","control",2,"fall","Virginia","Virginia-fall"
"353","b.06.1",63,"b.2.f","b","2","fasted",2,"summer","Virginia","Virginia-summer"
"354","b.06.2",104,"f.2.f","f","2","fasted",2,"summer","Pennsylvania","Pennsylvania-summer"
"355","b.06.3",74,"c.2.c","c","2","control",2,"fall","Virginia","Virginia-fall"
"356","b.07.1",55,"b.2.f","b","2","fasted",2,"summer","Virginia","Virginia-summer"
"357","b.07.2",99,"f.2.f","f","2","fasted",2,"summer","Pennsylvania","Pennsylvania-summer"
"358","b.07.3",43,"c.2.c","c","2","control",2,"fall","Virginia","Virginia-fall"
"359","b.08.1",39,"b.2.f","b","2","fasted",2,"summer","Virginia","Virginia-summer"
"360","b.08.2",60,"g.2.f","g","2","fasted",2,"fall","Pennsylvania","Pennsylvania-fall"
"361","b.08.3",82,"d.2.c","d","2","control",2,"fall","Virginia","Virginia-fall"
"362","b.09.1",138,"b.2.f","b","2","fasted",2,"summer","Virginia","Virginia-summer"
"363","b.09.3",21,"d.2.c","d","2","control",2,"fall","Virginia","Virginia-fall"
"364","b.10.2",102,"g.2.f","g","2","fasted",2,"fall","Pennsylvania","Pennsylvania-fall"
"365","b.10.3",92,"d.2.c","d","2","control",2,"fall","Virginia","Virginia-fall"
"366","b.11.1",61,"b.2.f","b","2","fasted",2,"summer","Virginia","Virginia-summer"
"367","b.11.3",110,"d.2.c","d","2","control",2,"fall","Virginia","Virginia-fall"
"368","b.12.2",60,"g.2.f","g","2","fasted",2,"fall","Pennsylvania","Pennsylvania-fall"
"369","b.12.3",57,"d.2.c","d","2","control",2,"fall","Virginia","Virginia-fall"
"370","c.01.1",75,"b.2.f","b","2","fasted",2,"summer","Virginia","Virginia-summer"
"371","c.01.2",106,"g.2.f","g","2","fasted",2,"fall","Pennsylvania","Pennsylvania-fall"
"372","c.01.3",60,"d.2.c","d","2","control",2,"fall","Virginia","Virginia-fall"
"373","c.02.1",60,"b.2.f","b","2","fasted",2,"summer","Virginia","Virginia-summer"
"374","c.02.2",69,"g.2.f","g","2","fasted",2,"fall","Pennsylvania","Pennsylvania-fall"
"375","c.02.3",100,"d.2.c","d","2","control",2,"fall","Virginia","Virginia-fall"
"376","c.03.1",56,"b.2.f","b","2","fasted",2,"summer","Virginia","Virginia-summer"
"377","c.03.2",19,"g.2.f","g","2","fasted",2,"fall","Pennsylvania","Pennsylvania-fall"
"378","c.03.3",51,"d.2.c","d","2","control",2,"fall","Virginia","Virginia-fall"
"379","c.04.1",45,"b.2.f","b","2","fasted",2,"summer","Virginia","Virginia-summer"
"380","c.04.2",52,"g.2.f","g","2","fasted",2,"fall","Pennsylvania","Pennsylvania-fall"
"381","c.04.3",103,"d.2.c","d","2","control",2,"fall","Virginia","Virginia-fall"
"382","c.05.1",45,"b.2.f","b","2","fasted",2,"summer","Virginia","Virginia-summer"
"383","c.05.2",84,"g.2.f","g","2","fasted",2,"fall","Pennsylvania","Pennsylvania-fall"
"384","c.05.3",79,"d.2.c","d","2","control",2,"fall","Virginia","Virginia-fall"
"385","c.06.1",39,"b.2.f","b","2","fasted",2,"summer","Virginia","Virginia-summer"
"386","c.06.2",94,"g.2.f","g","2","fasted",2,"fall","Pennsylvania","Pennsylvania-fall"
"387","c.06.3",78,"d.2.c","d","2","control",2,"fall","Virginia","Virginia-fall"
"388","c.07.1",49,"b.2.f","b","2","fasted",2,"summer","Virginia","Virginia-summer"
"389","c.07.2",93,"g.2.f","g","2","fasted",2,"fall","Pennsylvania","Pennsylvania-fall"
"390","c.07.3",76,"d.2.c","d","2","control",2,"fall","Virginia","Virginia-fall"
"391","c.08.1",54,"b.2.f","b","2","fasted",2,"summer","Virginia","Virginia-summer"
"392","c.08.2",70,"g.2.f","g","2","fasted",2,"fall","Pennsylvania","Pennsylvania-fall"
"393","c.08.3",40,"d.2.c","d","2","control",2,"fall","Virginia","Virginia-fall"
"394","c.09.1",100,"b.2.f","b","2","fasted",2,"summer","Virginia","Virginia-summer"
"395","c.09.2",7,"g.2.f","g","2","fasted",2,"fall","Pennsylvania","Pennsylvania-fall"
"396","c.09.3",93,"d.2.c","d","2","control",2,"fall","Virginia","Virginia-fall"
"397","c.10.1",48,"b.2.f","b","2","fasted",2,"summer","Virginia","Virginia-summer"
"398","c.10.2",25,"g.2.f","g","2","fasted",2,"fall","Pennsylvania","Pennsylvania-fall"
"399","c.10.3",200,"d.2.c","d","2","control",1,"fall","Virginia","Virginia-fall"
"400","c.11.1",85,"b.2.f","b","2","fasted",2,"summer","Virginia","Virginia-summer"
"401","c.11.2",79,"h.2.f","h","2","fasted",2,"fall","Pennsylvania","Pennsylvania-fall"
"402","c.11.3",81,"d.2.c","d","2","control",2,"fall","Virginia","Virginia-fall"
"403","c.12.1",73,"b.2.f","b","2","fasted",2,"summer","Virginia","Virginia-summer"
"404","c.12.2",59,"h.2.f","h","2","fasted",2,"fall","Pennsylvania","Pennsylvania-fall"
"405","c.12.3",75,"d.2.c","d","2","control",2,"fall","Virginia","Virginia-fall"
"406","d.01.1",51,"b.2.f","b","2","fasted",2,"summer","Virginia","Virginia-summer"
"407","d.01.2",60,"h.2.f","h","2","fasted",2,"fall","Pennsylvania","Pennsylvania-fall"
"408","d.01.3",94,"d.2.c","d","2","control",2,"fall","Virginia","Virginia-fall"
"409","d.02.1",127,"c.2.f","c","2","fasted",2,"fall","Virginia","Virginia-fall"
"410","d.02.2",65,"h.2.f","h","2","fasted",2,"fall","Pennsylvania","Pennsylvania-fall"
"411","d.02.3",45,"e.2.c","e","2","control",2,"summer","Pennsylvania","Pennsylvania-summer"
"412","d.03.1",76,"c.2.f","c","2","fasted",2,"fall","Virginia","Virginia-fall"
"413","d.03.2",65,"h.2.f","h","2","fasted",2,"fall","Pennsylvania","Pennsylvania-fall"
"414","d.03.3",60,"e.2.c","e","2","control",2,"summer","Pennsylvania","Pennsylvania-summer"
"415","d.04.1",86,"c.2.f","c","2","fasted",2,"fall","Virginia","Virginia-fall"
"416","d.04.2",137,"h.2.f","h","2","fasted",2,"fall","Pennsylvania","Pennsylvania-fall"
"417","d.04.3",106,"e.2.c","e","2","control",2,"summer","Pennsylvania","Pennsylvania-summer"
"418","d.05.1",80,"c.2.f","c","2","fasted",2,"fall","Virginia","Virginia-fall"
"419","d.05.2",84,"h.2.f","h","2","fasted",2,"fall","Pennsylvania","Pennsylvania-fall"
"420","d.05.3",77,"e.2.c","e","2","control",2,"summer","Pennsylvania","Pennsylvania-summer"
"421","d.06.1",59,"c.2.f","c","2","fasted",2,"fall","Virginia","Virginia-fall"
"422","d.06.2",62,"h.2.f","h","2","fasted",2,"fall","Pennsylvania","Pennsylvania-fall"
"423","d.06.3",39,"e.2.c","e","2","control",2,"summer","Pennsylvania","Pennsylvania-summer"
"424","d.07.1",74,"c.2.f","c","2","fasted",2,"fall","Virginia","Virginia-fall"
"425","d.07.2",50,"h.2.f","h","2","fasted",2,"fall","Pennsylvania","Pennsylvania-fall"
"426","d.07.3",62,"e.2.c","e","2","control",2,"summer","Pennsylvania","Pennsylvania-summer"
"427","d.08.1",97,"c.2.f","c","2","fasted",2,"fall","Virginia","Virginia-fall"
"428","d.08.2",53,"h.2.f","h","2","fasted",2,"fall","Pennsylvania","Pennsylvania-fall"
"429","d.08.3",81,"e.2.c","e","2","control",2,"summer","Pennsylvania","Pennsylvania-summer"
"430","d.09.1",74,"c.2.f","c","2","fasted",2,"fall","Virginia","Virginia-fall"
"431","d.09.2",66,"h.2.f","h","2","fasted",2,"fall","Pennsylvania","Pennsylvania-fall"
"432","d.09.3",80,"e.2.c","e","2","control",2,"summer","Pennsylvania","Pennsylvania-summer"
"433","d.10.2",47,"h.2.f","h","2","fasted",2,"fall","Pennsylvania","Pennsylvania-fall"
"434","d.10.3",48,"e.2.c","e","2","control",2,"summer","Pennsylvania","Pennsylvania-summer"
"435","d.11.1",87,"c.2.f","c","2","fasted",2,"fall","Virginia","Virginia-fall"
"436","d.11.2",60,"h.2.f","h","2","fasted",2,"fall","Pennsylvania","Pennsylvania-fall"
"437","d.11.3",90,"e.2.c","e","2","control",2,"summer","Pennsylvania","Pennsylvania-summer"
"438","d.12.1",105,"c.2.f","c","2","fasted",2,"fall","Virginia","Virginia-fall"
"439","d.12.2",75,"h.2.f","h","2","fasted",2,"fall","Pennsylvania","Pennsylvania-fall"
"440","d.12.3",68,"e.2.c","e","2","control",2,"summer","Pennsylvania","Pennsylvania-summer"
"441","e.01.1",84,"c.2.f","c","2","fasted",2,"fall","Virginia","Virginia-fall"
"442","e.01.2",62,"h.2.f","h","2","fasted",2,"fall","Pennsylvania","Pennsylvania-fall"
"443","e.01.3",61,"e.2.c","e","2","control",2,"summer","Pennsylvania","Pennsylvania-summer"
"444","e.01.4",96,"h.2.c","h","2","control",2,"fall","Pennsylvania","Pennsylvania-fall"
"445","e.02.2",93,"h.2.f","h","2","fasted",2,"fall","Pennsylvania","Pennsylvania-fall"
"446","e.02.3",42,"e.2.c","e","2","control",2,"summer","Pennsylvania","Pennsylvania-summer"
"447","e.02.4",37,"h.2.c","h","2","control",2,"fall","Pennsylvania","Pennsylvania-fall"
"448","e.03.2",71,"h.2.f","h","2","fasted",2,"fall","Pennsylvania","Pennsylvania-fall"
"449","e.03.3",49,"e.2.c","e","2","control",2,"summer","Pennsylvania","Pennsylvania-summer"
"450","e.03.4",100,"h.2.c","h","2","control",2,"fall","Pennsylvania","Pennsylvania-fall"
"451","e.04.1",200,"c.2.f","c","2","fasted",1,"fall","Virginia","Virginia-fall"
"452","e.04.2",53,"h.2.f","h","2","fasted",2,"fall","Pennsylvania","Pennsylvania-fall"
"453","e.04.3",66,"e.2.c","e","2","control",2,"summer","Pennsylvania","Pennsylvania-summer"
"454","e.04.4",84,"h.2.c","h","2","control",2,"fall","Pennsylvania","Pennsylvania-fall"
"455","e.05.1",89,"c.2.f","c","2","fasted",2,"fall","Virginia","Virginia-fall"
"456","e.05.2",7,"h.2.f","h","2","fasted",2,"fall","Pennsylvania","Pennsylvania-fall"
"457","e.05.3",40,"e.2.c","e","2","control",2,"summer","Pennsylvania","Pennsylvania-summer"
"458","e.05.4",96,"h.2.c","h","2","control",2,"fall","Pennsylvania","Pennsylvania-fall"
"459","e.06.2",20,"h.2.f","h","2","fasted",2,"fall","Pennsylvania","Pennsylvania-fall"
"460","e.06.3",84,"e.2.c","e","2","control",2,"summer","Pennsylvania","Pennsylvania-summer"
"461","e.06.4",63,"h.2.c","h","2","control",2,"fall","Pennsylvania","Pennsylvania-fall"
"462","e.07.1",85,"c.2.f","c","2","fasted",2,"fall","Virginia","Virginia-fall"
"463","e.07.2",62,"a.2.c","a","2","control",2,"summer","Virginia","Virginia-summer"
"464","e.07.3",80,"f.2.c","f","2","control",2,"summer","Pennsylvania","Pennsylvania-summer"
"465","e.07.4",50,"h.2.c","h","2","control",2,"fall","Pennsylvania","Pennsylvania-fall"
"466","e.08.1",32,"c.2.f","c","2","fasted",2,"fall","Virginia","Virginia-fall"
"467","e.08.2",31,"a.2.c","a","2","control",2,"summer","Virginia","Virginia-summer"
"468","e.08.3",63,"f.2.c","f","2","control",2,"summer","Pennsylvania","Pennsylvania-summer"
"469","e.08.4",83,"h.2.c","h","2","control",2,"fall","Pennsylvania","Pennsylvania-fall"
"470","e.09.1",112,"d.2.f","d","2","fasted",2,"fall","Virginia","Virginia-fall"
"471","e.09.2",55,"a.2.c","a","2","control",2,"summer","Virginia","Virginia-summer"
"472","e.09.3",117,"f.2.c","f","2","control",2,"summer","Pennsylvania","Pennsylvania-summer"
"473","e.09.4",56,"h.2.c","h","2","control",2,"fall","Pennsylvania","Pennsylvania-fall"
"474","e.10.1",100,"d.2.f","d","2","fasted",2,"fall","Virginia","Virginia-fall"
"475","e.10.2",94,"a.2.c","a","2","control",2,"summer","Virginia","Virginia-summer"
"476","e.10.3",144,"f.2.c","f","2","control",2,"summer","Pennsylvania","Pennsylvania-summer"
"477","e.10.4",48,"h.2.c","h","2","control",2,"fall","Pennsylvania","Pennsylvania-fall"
"478","e.11.1",85,"d.2.f","d","2","fasted",2,"fall","Virginia","Virginia-fall"
"479","e.11.2",49,"a.2.c","a","2","control",2,"summer","Virginia","Virginia-summer"
"480","e.11.3",143,"f.2.c","f","2","control",2,"summer","Pennsylvania","Pennsylvania-summer"
"481","e.11.4",74,"h.2.c","h","2","control",2,"fall","Pennsylvania","Pennsylvania-fall"
"482","e.12.1",90,"d.2.f","d","2","fasted",2,"fall","Virginia","Virginia-fall"
"483","e.12.2",84,"a.2.c","a","2","control",2,"summer","Virginia","Virginia-summer"
"484","e.12.3",126,"f.2.c","f","2","control",2,"summer","Pennsylvania","Pennsylvania-summer"
"485","e.12.4",74,"h.2.c","h","2","control",2,"fall","Pennsylvania","Pennsylvania-fall"
"486","f.01.1",104,"d.2.f","d","2","fasted",2,"fall","Virginia","Virginia-fall"
"487","f.01.2",93,"a.2.c","a","2","control",2,"summer","Virginia","Virginia-summer"
"488","f.01.3",51,"f.2.c","f","2","control",2,"summer","Pennsylvania","Pennsylvania-summer"
"489","f.01.4",58,"h.2.c","h","2","control",2,"fall","Pennsylvania","Pennsylvania-fall"
"490","f.02.1",85,"d.2.f","d","2","fasted",2,"fall","Virginia","Virginia-fall"
"491","f.02.2",60,"a.2.c","a","2","control",2,"summer","Virginia","Virginia-summer"
"492","f.02.3",48,"f.2.c","f","2","control",2,"summer","Pennsylvania","Pennsylvania-summer"
"493","f.02.4",65,"h.2.c","h","2","control",2,"fall","Pennsylvania","Pennsylvania-fall"
"494","f.03.1",23,"d.2.f","d","2","fasted",2,"fall","Virginia","Virginia-fall"
"495","f.03.2",10,"a.2.c","a","2","control",2,"summer","Virginia","Virginia-summer"
"496","f.03.3",48,"f.2.c","f","2","control",2,"summer","Pennsylvania","Pennsylvania-summer"
"497","f.03.4",66,"h.2.c","h","2","control",2,"fall","Pennsylvania","Pennsylvania-fall"
"498","f.04.1",59,"d.2.f","d","2","fasted",2,"fall","Virginia","Virginia-fall"
"499","f.04.2",63,"a.2.c","a","2","control",2,"summer","Virginia","Virginia-summer"
"500","f.04.3",87,"f.2.c","f","2","control",2,"summer","Pennsylvania","Pennsylvania-summer"
"501","f.04.4",62,"h.2.c","h","2","control",2,"fall","Pennsylvania","Pennsylvania-fall"
"502","f.05.2",44,"a.2.c","a","2","control",2,"summer","Virginia","Virginia-summer"
"503","f.05.3",83,"f.2.c","f","2","control",2,"summer","Pennsylvania","Pennsylvania-summer"
"504","f.05.4",61,"h.2.c","h","2","control",2,"fall","Pennsylvania","Pennsylvania-fall"
"505","f.06.1",104,"d.2.f","d","2","fasted",2,"fall","Virginia","Virginia-fall"
"506","f.06.2",53,"a.2.c","a","2","control",2,"summer","Virginia","Virginia-summer"
"507","f.06.3",57,"f.2.c","f","2","control",2,"summer","Pennsylvania","Pennsylvania-summer"
"508","f.06.4",79,"h.2.c","h","2","control",2,"fall","Pennsylvania","Pennsylvania-fall"
"509","f.07.1",109,"d.2.f","d","2","fasted",2,"fall","Virginia","Virginia-fall"
"510","f.07.2",44,"a.2.c","a","2","control",2,"summer","Virginia","Virginia-summer"
"511","f.07.3",53,"f.2.c","f","2","control",2,"summer","Pennsylvania","Pennsylvania-summer"
"512","f.07.4",70,"h.2.c","h","2","control",2,"fall","Pennsylvania","Pennsylvania-fall"
"513","f.08.1",99,"d.2.f","d","2","fasted",2,"fall","Virginia","Virginia-fall"
"514","f.08.2",8,"a.2.c","a","2","control",2,"summer","Virginia","Virginia-summer"
"515","f.08.3",74,"f.2.c","f","2","control",2,"summer","Pennsylvania","Pennsylvania-summer"
"516","f.09.1",119,"d.2.f","d","2","fasted",2,"fall","Virginia","Virginia-fall"
"517","f.09.2",67,"a.2.c","a","2","control",2,"summer","Virginia","Virginia-summer"
"518","f.09.3",88,"f.2.c","f","2","control",2,"summer","Pennsylvania","Pennsylvania-summer"
"519","f.10.1",142,"d.2.f","d","2","fasted",2,"fall","Virginia","Virginia-fall"
"520","f.10.2",65,"a.2.c","a","2","control",2,"summer","Virginia","Virginia-summer"
"521","f.10.3",117,"f.2.c","f","2","control",2,"summer","Pennsylvania","Pennsylvania-summer"
"522","f.11.1",200,"d.2.f","d","2","fasted",1,"fall","Virginia","Virginia-fall"
"523","f.11.2",22,"a.2.c","a","2","control",2,"summer","Virginia","Virginia-summer"
"524","f.11.3",99,"f.2.c","f","2","control",2,"summer","Pennsylvania","Pennsylvania-summer"
"525","f.12.1",64,"d.2.f","d","2","fasted",2,"fall","Virginia","Virginia-fall"
"526","f.12.2",58,"a.2.c","a","2","control",2,"summer","Virginia","Virginia-summer"
"527","f.12.3",101,"f.2.c","f","2","control",2,"summer","Pennsylvania","Pennsylvania-summer"
"528","g.01.1",77,"e.2.f","e","2","fasted",2,"summer","Pennsylvania","Pennsylvania-summer"
"529","g.01.2",53,"b.c.c","b","2","control",2,"summer","Virginia","Virginia-summer"
"530","g.01.3",97,"f.2.c","f","2","control",2,"summer","Pennsylvania","Pennsylvania-summer"
"531","g.02.1",87,"e.2.f","e","2","fasted",2,"summer","Pennsylvania","Pennsylvania-summer"
"532","g.02.2",39,"b.c.c","b","2","control",2,"summer","Virginia","Virginia-summer"
"533","g.02.3",93,"g.2.c","g","2","control",2,"fall","Pennsylvania","Pennsylvania-fall"
"534","g.03.1",70,"e.2.f","e","2","fasted",2,"summer","Pennsylvania","Pennsylvania-summer"
"535","g.03.2",110,"b.c.c","b","2","control",2,"summer","Virginia","Virginia-summer"
"536","g.03.3",81,"g.2.c","g","2","control",2,"fall","Pennsylvania","Pennsylvania-fall"
"537","g.04.1",71,"e.2.f","e","2","fasted",2,"summer","Pennsylvania","Pennsylvania-summer"
"538","g.04.2",41,"b.c.c","b","2","control",2,"summer","Virginia","Virginia-summer"
"539","g.04.3",31,"g.2.c","g","2","control",2,"fall","Pennsylvania","Pennsylvania-fall"
"540","g.05.1",103,"e.2.f","e","2","fasted",2,"summer","Pennsylvania","Pennsylvania-summer"
"541","g.05.3",66,"g.2.c","g","2","control",2,"fall","Pennsylvania","Pennsylvania-fall"
"542","g.06.1",37,"e.2.f","e","2","fasted",2,"summer","Pennsylvania","Pennsylvania-summer"
"543","g.06.2",73,"b.c.c","b","2","control",2,"summer","Virginia","Virginia-summer"
"544","g.06.3",106,"g.2.c","g","2","control",2,"fall","Pennsylvania","Pennsylvania-fall"
"545","g.07.1",69,"e.2.f","e","2","fasted",2,"summer","Pennsylvania","Pennsylvania-summer"
"546","g.07.2",6,"b.c.c","b","2","control",2,"summer","Virginia","Virginia-summer"
"547","g.07.3",63,"g.2.c","g","2","control",2,"fall","Pennsylvania","Pennsylvania-fall"
"548","g.08.2",46,"b.c.c","b","2","control",2,"summer","Virginia","Virginia-summer"
"549","g.08.3",67,"g.2.c","g","2","control",2,"fall","Pennsylvania","Pennsylvania-fall"
"550","g.09.1",61,"e.2.f","e","2","fasted",2,"summer","Pennsylvania","Pennsylvania-summer"
"551","g.09.2",79,"b.c.c","b","2","control",2,"summer","Virginia","Virginia-summer"
"552","g.09.3",81,"g.2.c","g","2","control",2,"fall","Pennsylvania","Pennsylvania-fall"
"553","g.10.1",63,"e.2.f","e","2","fasted",2,"summer","Pennsylvania","Pennsylvania-summer"
"554","g.10.2",51,"b.c.c","b","2","control",2,"summer","Virginia","Virginia-summer"
"555","g.10.3",74,"g.2.c","g","2","control",2,"fall","Pennsylvania","Pennsylvania-fall"
"556","g.11.1",73,"e.2.f","e","2","fasted",2,"summer","Pennsylvania","Pennsylvania-summer"
"557","g.11.2",51,"b.c.c","b","2","control",2,"summer","Virginia","Virginia-summer"
"558","g.11.3",96,"g.2.c","g","2","control",2,"fall","Pennsylvania","Pennsylvania-fall"
"559","g.12.1",116,"e.2.f","e","2","fasted",2,"summer","Pennsylvania","Pennsylvania-summer"
"560","g.12.2",64,"b.c.c","b","2","control",2,"summer","Virginia","Virginia-summer"
"561","g.12.3",164,"g.2.c","g","2","control",2,"fall","Pennsylvania","Pennsylvania-fall"
"562","h.01.1",49,"e.2.f","e","2","fasted",2,"summer","Pennsylvania","Pennsylvania-summer"
"563","h.01.2",47,"b.c.c","b","2","control",2,"summer","Virginia","Virginia-summer"
"564","h.01.3",141,"g.2.c","g","2","control",2,"fall","Pennsylvania","Pennsylvania-fall"
"565","h.02.1",22,"e.2.f","e","2","fasted",2,"summer","Pennsylvania","Pennsylvania-summer"
"566","h.02.2",71,"b.c.c","b","2","control",2,"summer","Virginia","Virginia-summer"
"567","h.02.3",64,"g.2.c","g","2","control",2,"fall","Pennsylvania","Pennsylvania-fall"
"568","h.03.1",69,"e.2.f","e","2","fasted",2,"summer","Pennsylvania","Pennsylvania-summer"
"569","h.03.2",63,"b.c.c","b","2","control",2,"summer","Virginia","Virginia-summer"
"570","h.03.3",77,"g.2.c","g","2","control",2,"fall","Pennsylvania","Pennsylvania-fall"
"571","h.04.1",89,"e.2.f","e","2","fasted",2,"summer","Pennsylvania","Pennsylvania-summer"
"572","h.04.2",57,"b.c.c","b","2","control",2,"summer","Virginia","Virginia-summer"
"573","h.04.3",112,"g.2.c","g","2","control",2,"fall","Pennsylvania","Pennsylvania-fall"
"574","h.05.1",98,"e.2.f","e","2","fasted",2,"summer","Pennsylvania","Pennsylvania-summer"
"575","h.05.2",94,"b.c.c","b","2","control",2,"summer","Virginia","Virginia-summer"
"576","h.05.3",101,"g.2.c","g","2","control",2,"fall","Pennsylvania","Pennsylvania-fall"
"577","h.06.1",108,"e.2.f","e","2","fasted",2,"summer","Pennsylvania","Pennsylvania-summer"
"578","h.06.2",4,"b.c.c","b","2","control",2,"summer","Virginia","Virginia-summer"
"579","h.06.3",148,"g.2.c","g","2","control",2,"fall","Pennsylvania","Pennsylvania-fall"
"580","h.07.1",94,"e.2.f","e","2","fasted",2,"summer","Pennsylvania","Pennsylvania-summer"
"581","h.07.3",84,"g.2.c","g","2","control",2,"fall","Pennsylvania","Pennsylvania-fall"
"582","h.08.1",80,"e.2.f","e","2","fasted",2,"summer","Pennsylvania","Pennsylvania-summer"
"583","h.08.3",30,"g.2.c","g","2","control",2,"fall","Pennsylvania","Pennsylvania-fall"
"584","a.01.1",49,"a.3.f","a","3","fasted",2,"summer","Virginia","Virginia-summer"
"585","a.01.2",159,"f.3.f","f","3","fasted",2,"summer","Pennsylvania","Pennsylvania-summer"
"586","a.01.3",77,"c.3.c","c","3","control",2,"fall","Virginia","Virginia-fall"
"587","a.02.1",65,"a.3.f","a","3","fasted",2,"summer","Virginia","Virginia-summer"
"588","a.02.2",69,"f.3.f","f","3","fasted",2,"summer","Pennsylvania","Pennsylvania-summer"
"589","a.02.3",128,"c.3.c","c","3","control",2,"fall","Virginia","Virginia-fall"
"590","a.03.1",52,"a.3.f","a","3","fasted",2,"summer","Virginia","Virginia-summer"
"591","a.03.2",80,"f.3.f","f","3","fasted",2,"summer","Pennsylvania","Pennsylvania-summer"
"592","a.03.3",63,"c.3.c","c","3","control",2,"fall","Virginia","Virginia-fall"
"593","a.04.1",39,"a.3.f","a","3","fasted",2,"summer","Virginia","Virginia-summer"
"594","a.04.2",113,"f.3.f","f","3","fasted",2,"summer","Pennsylvania","Pennsylvania-summer"
"595","a.04.3",54,"d.3.c","d","3","control",2,"fall","Virginia","Virginia-fall"
"596","a.05.1",44,"a.3.f","a","3","fasted",2,"summer","Virginia","Virginia-summer"
"597","a.05.2",69,"f.3.f","f","3","fasted",2,"summer","Pennsylvania","Pennsylvania-summer"
"598","a.05.3",64,"d.3.c","d","3","control",2,"fall","Virginia","Virginia-fall"
"599","a.06.1",42,"a.3.f","a","3","fasted",2,"summer","Virginia","Virginia-summer"
"600","a.06.2",54,"f.3.f","f","3","fasted",2,"summer","Pennsylvania","Pennsylvania-summer"
"601","a.06.3",61,"d.3.c","d","3","control",2,"fall","Virginia","Virginia-fall"
"602","a.07.1",67,"a.3.f","a","3","fasted",2,"summer","Virginia","Virginia-summer"
"603","a.07.2",60,"f.3.f","f","3","fasted",2,"summer","Pennsylvania","Pennsylvania-summer"
"604","a.07.3",71,"d.3.c","d","3","control",2,"fall","Virginia","Virginia-fall"
"605","a.08.1",57,"a.3.f","a","3","fasted",2,"summer","Virginia","Virginia-summer"
"606","a.08.2",73,"f.3.f","f","3","fasted",2,"summer","Pennsylvania","Pennsylvania-summer"
"607","a.08.3",111,"d.3.c","d","3","control",2,"fall","Virginia","Virginia-fall"
"608","a.09.1",46,"a.3.f","a","3","fasted",2,"summer","Virginia","Virginia-summer"
"609","a.09.2",88,"g.3.f","g","3","fasted",2,"fall","Pennsylvania","Pennsylvania-fall"
"610","a.09.3",73,"d.3.c","d","3","control",2,"fall","Virginia","Virginia-fall"
"611","a.10.1",57,"a.3.f","a","3","fasted",2,"summer","Virginia","Virginia-summer"
"612","a.10.2",74,"g.3.f","g","3","fasted",2,"fall","Pennsylvania","Pennsylvania-fall"
"613","a.10.3",106,"d.3.c","d","3","control",2,"fall","Virginia","Virginia-fall"
"614","a.11.1",41,"a.3.f","a","3","fasted",2,"summer","Virginia","Virginia-summer"
"615","a.11.2",105,"g.3.f","g","3","fasted",2,"fall","Pennsylvania","Pennsylvania-fall"
"616","a.11.3",84,"d.3.c","d","3","control",2,"fall","Virginia","Virginia-fall"
"617","a.12.1",47,"a.3.f","a","3","fasted",2,"summer","Virginia","Virginia-summer"
"618","a.12.2",132,"g.3.f","g","3","fasted",2,"fall","Pennsylvania","Pennsylvania-fall"
"619","a.12.3",74,"d.3.c","d","3","control",2,"fall","Virginia","Virginia-fall"
"620","b.01.1",50,"a.3.f","a","3","fasted",2,"summer","Virginia","Virginia-summer"
"621","b.01.2",101,"g.3.f","g","3","fasted",2,"fall","Pennsylvania","Pennsylvania-fall"
"622","b.01.3",89,"d.3.c","d","3","control",2,"fall","Virginia","Virginia-fall"
"623","b.02.1",27,"a.3.f","a","3","fasted",2,"summer","Virginia","Virginia-summer"
"624","b.02.2",102,"g.3.f","g","3","fasted",2,"fall","Pennsylvania","Pennsylvania-fall"
"625","b.02.3",56,"d.3.c","d","3","control",2,"fall","Virginia","Virginia-fall"
"626","b.03.1",43,"a.3.f","a","3","fasted",2,"summer","Virginia","Virginia-summer"
"627","b.03.2",84,"g.3.f","g","3","fasted",2,"fall","Pennsylvania","Pennsylvania-fall"
"628","b.03.3",78,"d.3.c","d","3","control",2,"fall","Virginia","Virginia-fall"
"629","b.04.1",34,"a.3.f","a","3","fasted",2,"summer","Virginia","Virginia-summer"
"630","b.04.2",65,"g.3.f","g","3","fasted",2,"fall","Pennsylvania","Pennsylvania-fall"
"631","b.04.3",58,"d.3.c","d","3","control",2,"fall","Virginia","Virginia-fall"
"632","b.05.1",67,"a.3.f","a","3","fasted",2,"summer","Virginia","Virginia-summer"
"633","b.05.2",68,"g.3.f","g","3","fasted",2,"fall","Pennsylvania","Pennsylvania-fall"
"634","b.05.3",45,"d.3.c","d","3","control",2,"fall","Virginia","Virginia-fall"
"635","b.06.1",37,"b.3.f","b","3","fasted",2,"summer","Virginia","Virginia-summer"
"636","b.06.2",78,"g.3.f","g","3","fasted",2,"fall","Pennsylvania","Pennsylvania-fall"
"637","b.06.3",48,"d.3.c","d","3","control",2,"fall","Virginia","Virginia-fall"
"638","b.07.1",106,"b.3.f","b","3","fasted",2,"summer","Virginia","Virginia-summer"
"639","b.07.2",59,"g.3.f","g","3","fasted",2,"fall","Pennsylvania","Pennsylvania-fall"
"640","b.07.3",72,"e.3.c","e","3","control",2,"summer","Pennsylvania","Pennsylvania-summer"
"641","b.08.1",42,"b.3.f","b","3","fasted",2,"summer","Virginia","Virginia-summer"
"642","b.08.2",69,"g.3.f","g","3","fasted",2,"fall","Pennsylvania","Pennsylvania-fall"
"643","b.08.3",59,"e.3.c","e","3","control",2,"summer","Pennsylvania","Pennsylvania-summer"
"644","b.09.1",56,"b.3.f","b","3","fasted",2,"summer","Virginia","Virginia-summer"
"645","b.09.2",94,"g.3.f","g","3","fasted",2,"fall","Pennsylvania","Pennsylvania-fall"
"646","b.09.3",79,"e.3.c","e","3","control",2,"summer","Pennsylvania","Pennsylvania-summer"
"647","b.10.1",37,"b.3.f","b","3","fasted",2,"summer","Virginia","Virginia-summer"
"648","b.10.2",48,"g.3.f","g","3","fasted",2,"fall","Pennsylvania","Pennsylvania-fall"
"649","b.10.3",48,"e.3.c","e","3","control",2,"summer","Pennsylvania","Pennsylvania-summer"
"650","b.11.1",80,"b.3.f","b","3","fasted",2,"summer","Virginia","Virginia-summer"
"651","b.11.2",85,"g.3.f","g","3","fasted",2,"fall","Pennsylvania","Pennsylvania-fall"
"652","b.11.3",47,"e.3.c","e","3","control",2,"summer","Pennsylvania","Pennsylvania-summer"
"653","b.12.1",36,"b.3.f","b","3","fasted",2,"summer","Virginia","Virginia-summer"
"654","b.12.2",95,"g.3.f","g","3","fasted",2,"fall","Pennsylvania","Pennsylvania-fall"
"655","b.12.3",52,"e.3.c","e","3","control",2,"summer","Pennsylvania","Pennsylvania-summer"
"656","c.01.1",45,"b.3.f","b","3","fasted",2,"summer","Virginia","Virginia-summer"
"657","c.01.2",94,"g.3.f","g","3","fasted",2,"fall","Pennsylvania","Pennsylvania-fall"
"658","c.01.3",61,"e.3.c","e","3","control",2,"summer","Pennsylvania","Pennsylvania-summer"
"659","c.02.1",17,"b.3.f","b","3","fasted",2,"summer","Virginia","Virginia-summer"
"660","c.02.2",68,"h.3.f","h","3","fasted",2,"fall","Pennsylvania","Pennsylvania-fall"
"661","c.02.3",75,"e.3.c","e","3","control",2,"summer","Pennsylvania","Pennsylvania-summer"
"662","c.03.1",195,"b.3.f","b","3","fasted",2,"summer","Virginia","Virginia-summer"
"663","c.03.2",50,"h.3.f","h","3","fasted",2,"fall","Pennsylvania","Pennsylvania-fall"
"664","c.03.3",50,"e.3.c","e","3","control",2,"summer","Pennsylvania","Pennsylvania-summer"
"665","c.04.1",25,"b.3.f","b","3","fasted",2,"summer","Virginia","Virginia-summer"
"666","c.04.2",70,"h.3.f","h","3","fasted",2,"fall","Pennsylvania","Pennsylvania-fall"
"667","c.04.3",55,"e.3.c","e","3","control",2,"summer","Pennsylvania","Pennsylvania-summer"
"668","c.05.1",39,"b.3.f","b","3","fasted",2,"summer","Virginia","Virginia-summer"
"669","c.05.2",26,"h.3.f","h","3","fasted",2,"fall","Pennsylvania","Pennsylvania-fall"
"670","c.05.3",76,"e.3.c","e","3","control",2,"summer","Pennsylvania","Pennsylvania-summer"
"671","c.06.1",18,"b.3.f","b","3","fasted",2,"summer","Virginia","Virginia-summer"
"672","c.06.2",37,"h.3.f","h","3","fasted",2,"fall","Pennsylvania","Pennsylvania-fall"
"673","c.06.3",77,"e.3.c","e","3","control",2,"summer","Pennsylvania","Pennsylvania-summer"
"674","c.07.1",42,"b.3.f","b","3","fasted",2,"summer","Virginia","Virginia-summer"
"675","c.07.2",59,"h.3.f","h","3","fasted",2,"fall","Pennsylvania","Pennsylvania-fall"
"676","c.07.3",69,"e.3.c","e","3","control",2,"summer","Pennsylvania","Pennsylvania-summer"
"677","c.08.1",38,"b.3.f","b","3","fasted",2,"summer","Virginia","Virginia-summer"
"678","c.08.2",35,"h.3.f","h","3","fasted",2,"fall","Pennsylvania","Pennsylvania-fall"
"679","c.08.3",37,"e.3.c","e","3","control",2,"summer","Pennsylvania","Pennsylvania-summer"
"680","c.09.1",52,"c.3.f","c","3","fasted",2,"fall","Virginia","Virginia-fall"
"681","c.09.2",52,"h.3.f","h","3","fasted",2,"fall","Pennsylvania","Pennsylvania-fall"
"682","c.09.3",77,"e.3.c","e","3","control",2,"summer","Pennsylvania","Pennsylvania-summer"
"683","c.10.1",66,"c.3.f","c","3","fasted",2,"fall","Virginia","Virginia-fall"
"684","c.10.2",30,"h.3.f","h","3","fasted",2,"fall","Pennsylvania","Pennsylvania-fall"
"685","c.10.3",39,"e.3.c","e","3","control",2,"summer","Pennsylvania","Pennsylvania-summer"
"686","c.11.1",43,"c.3.f","c","3","fasted",2,"fall","Virginia","Virginia-fall"
"687","c.11.2",82,"h.3.f","h","3","fasted",2,"fall","Pennsylvania","Pennsylvania-fall"
"688","c.11.3",17,"e.3.c","e","3","control",2,"summer","Pennsylvania","Pennsylvania-summer"
"689","c.12.1",76,"c.3.f","c","3","fasted",2,"fall","Virginia","Virginia-fall"
"690","c.12.2",44,"h.3.f","h","3","fasted",2,"fall","Pennsylvania","Pennsylvania-fall"
"691","c.12.3",44,"e.3.c","e","3","control",2,"summer","Pennsylvania","Pennsylvania-summer"
"692","d.01.1",56,"c.3.f","c","3","fasted",2,"fall","Virginia","Virginia-fall"
"693","d.01.2",43,"h.3.f","h","3","fasted",2,"fall","Pennsylvania","Pennsylvania-fall"
"694","d.01.3",66,"e.3.c","e","3","control",2,"summer","Pennsylvania","Pennsylvania-summer"
"695","d.02.1",54,"c.3.f","c","3","fasted",2,"fall","Virginia","Virginia-fall"
"696","d.02.2",54,"h.3.f","h","3","fasted",2,"fall","Pennsylvania","Pennsylvania-fall"
"697","d.02.3",76,"f.3.c","f","3","control",2,"summer","Pennsylvania","Pennsylvania-summer"
"698","d.03.1",28,"c.3.f","c","3","fasted",2,"fall","Virginia","Virginia-fall"
"699","d.03.2",40,"h.3.f","h","3","fasted",2,"fall","Pennsylvania","Pennsylvania-fall"
"700","d.03.3",95,"f.3.c","f","3","control",2,"summer","Pennsylvania","Pennsylvania-summer"
"701","d.04.1",43,"c.3.f","c","3","fasted",2,"fall","Virginia","Virginia-fall"
"702","d.04.2",44,"h.3.f","h","3","fasted",2,"fall","Pennsylvania","Pennsylvania-fall"
"703","d.04.3",72,"f.3.c","f","3","control",2,"summer","Pennsylvania","Pennsylvania-summer"
"704","d.05.1",60,"c.3.f","c","3","fasted",2,"fall","Virginia","Virginia-fall"
"705","d.05.2",27,"h.3.f","h","3","fasted",2,"fall","Pennsylvania","Pennsylvania-fall"
"706","d.05.3",65,"f.3.c","f","3","control",2,"summer","Pennsylvania","Pennsylvania-summer"
"707","d.06.1",52,"c.3.f","c","3","fasted",2,"fall","Virginia","Virginia-fall"
"708","d.06.2",42,"a.3.c","a","3","control",2,"summer","Virginia","Virginia-summer"
"709","d.06.3",84,"f.3.c","f","3","control",2,"summer","Pennsylvania","Pennsylvania-summer"
"710","d.07.1",57,"c.3.f","c","3","fasted",2,"fall","Virginia","Virginia-fall"
"711","d.07.2",56,"a.3.c","a","3","control",2,"summer","Virginia","Virginia-summer"
"712","d.07.3",60,"f.3.c","f","3","control",2,"summer","Pennsylvania","Pennsylvania-summer"
"713","d.08.1",85,"c.3.f","c","3","fasted",2,"fall","Virginia","Virginia-fall"
"714","d.08.2",44,"a.3.c","a","3","control",2,"summer","Virginia","Virginia-summer"
"715","d.08.3",81,"f.3.c","f","3","control",2,"summer","Pennsylvania","Pennsylvania-summer"
"716","d.09.1",58,"c.3.f","c","3","fasted",2,"fall","Virginia","Virginia-fall"
"717","d.09.2",56,"a.3.c","a","3","control",2,"summer","Virginia","Virginia-summer"
"718","d.09.3",83,"f.3.c","f","3","control",2,"summer","Pennsylvania","Pennsylvania-summer"
"719","d.10.1",75,"c.3.f","c","3","fasted",2,"fall","Virginia","Virginia-fall"
"720","d.10.2",15,"a.3.c","a","3","control",2,"summer","Virginia","Virginia-summer"
"721","d.10.3",47,"f.3.c","f","3","control",2,"summer","Pennsylvania","Pennsylvania-summer"
"722","d.11.1",82,"c.3.f","c","3","fasted",2,"fall","Virginia","Virginia-fall"
"723","d.11.2",51,"a.3.c","a","3","control",2,"summer","Virginia","Virginia-summer"
"724","d.11.3",96,"f.3.c","f","3","control",2,"summer","Pennsylvania","Pennsylvania-summer"
"725","d.12.1",90,"c.3.f","c","3","fasted",2,"fall","Virginia","Virginia-fall"
"726","d.12.2",61,"a.3.c","a","3","control",2,"summer","Virginia","Virginia-summer"
"727","d.12.3",54,"f.3.c","f","3","control",2,"summer","Pennsylvania","Pennsylvania-summer"
"728","e.01.1",49,"c.3.f","c","3","fasted",2,"fall","Virginia","Virginia-fall"
"729","e.01.2",86,"a.3.c","a","3","control",2,"summer","Virginia","Virginia-summer"
"730","e.01.3",129,"f.3.c","f","3","control",2,"summer","Pennsylvania","Pennsylvania-summer"
"731","e.02.1",63,"d.3.f","d","3","fasted",2,"fall","Virginia","Virginia-fall"
"732","e.02.2",60,"a.3.c","a","3","control",2,"summer","Virginia","Virginia-summer"
"733","e.02.3",65,"f.3.c","f","3","control",2,"summer","Pennsylvania","Pennsylvania-summer"
"734","e.03.1",112,"d.3.f","d","3","fasted",2,"fall","Virginia","Virginia-fall"
"735","e.03.2",43,"a.3.c","a","3","control",2,"summer","Virginia","Virginia-summer"
"736","e.03.3",90,"f.3.c","f","3","control",2,"summer","Pennsylvania","Pennsylvania-summer"
"737","e.04.1",52,"d.3.f","d","3","fasted",2,"fall","Virginia","Virginia-fall"
"738","e.04.2",38,"a.3.c","a","3","control",2,"summer","Virginia","Virginia-summer"
"739","e.04.3",58,"f.3.c","f","3","control",2,"summer","Pennsylvania","Pennsylvania-summer"
"740","e.05.1",71,"d.3.f","d","3","fasted",2,"fall","Virginia","Virginia-fall"
"741","e.05.2",14,"a.3.c","a","3","control",2,"summer","Virginia","Virginia-summer"
"742","e.05.3",48,"f.3.c","f","3","control",2,"summer","Pennsylvania","Pennsylvania-summer"
"743","e.06.1",69,"d.3.f","d","3","fasted",2,"fall","Virginia","Virginia-fall"
"744","e.06.2",100,"a.3.c","a","3","control",2,"summer","Virginia","Virginia-summer"
"745","e.06.3",111,"f.3.c","f","3","control",2,"summer","Pennsylvania","Pennsylvania-summer"
"746","e.07.1",96,"d.3.f","d","3","fasted",2,"fall","Virginia","Virginia-fall"
"747","e.07.2",31,"a.3.c","a","3","control",2,"summer","Virginia","Virginia-summer"
"748","e.07.3",72,"f.3.c","f","3","control",2,"summer","Pennsylvania","Pennsylvania-summer"
"749","e.08.1",80,"d.3.f","d","3","fasted",2,"fall","Virginia","Virginia-fall"
"750","e.08.2",61,"a.3.c","a","3","control",2,"summer","Virginia","Virginia-summer"
"751","e.08.3",81,"f.3.c","f","3","control",2,"summer","Pennsylvania","Pennsylvania-summer"
"752","e.09.1",58,"d.3.f","d","3","fasted",2,"fall","Virginia","Virginia-fall"
"753","e.09.2",49,"a.3.c","a","3","control",2,"summer","Virginia","Virginia-summer"
"754","e.09.3",73,"g.3.c","g","3","control",2,"fall","Pennsylvania","Pennsylvania-fall"
"755","e.10.1",89,"d.3.f","d","3","fasted",2,"fall","Virginia","Virginia-fall"
"756","e.10.2",64,"a.3.c","a","3","control",2,"summer","Virginia","Virginia-summer"
"757","e.10.3",66,"g.3.c","g","3","control",2,"fall","Pennsylvania","Pennsylvania-fall"
"758","e.11.1",67,"d.3.f","d","3","fasted",2,"fall","Virginia","Virginia-fall"
"759","e.11.2",58,"a.3.c","a","3","control",2,"summer","Virginia","Virginia-summer"
"760","e.11.3",64,"g.3.c","g","3","control",2,"fall","Pennsylvania","Pennsylvania-fall"
"761","e.12.1",98,"d.3.f","d","3","fasted",2,"fall","Virginia","Virginia-fall"
"762","e.12.2",64,"a.3.c","a","3","control",2,"summer","Virginia","Virginia-summer"
"763","e.12.3",123,"g.3.c","g","3","control",2,"fall","Pennsylvania","Pennsylvania-fall"
"764","f.01.1",55,"d.3.f","d","3","fasted",2,"fall","Virginia","Virginia-fall"
"765","f.01.2",54,"b.3.c","b","3","control",2,"summer","Virginia","Virginia-summer"
"766","f.01.3",42,"g.3.c","g","3","control",2,"fall","Pennsylvania","Pennsylvania-fall"
"767","f.02.1",138,"d.3.f","d","3","fasted",2,"fall","Virginia","Virginia-fall"
"768","f.02.2",55,"b.3.c","b","3","control",2,"summer","Virginia","Virginia-summer"
"769","f.02.3",37,"g.3.c","g","3","control",2,"fall","Pennsylvania","Pennsylvania-fall"
"770","f.03.1",60,"d.3.f","d","3","fasted",2,"fall","Virginia","Virginia-fall"
"771","f.03.2",132,"b.3.c","b","3","control",2,"summer","Virginia","Virginia-summer"
"772","f.03.3",70,"g.3.c","g","3","control",2,"fall","Pennsylvania","Pennsylvania-fall"
"773","f.04.1",52,"d.3.f","d","3","fasted",2,"fall","Virginia","Virginia-fall"
"774","f.04.2",13,"b.3.c","b","3","control",2,"summer","Virginia","Virginia-summer"
"775","f.04.3",81,"g.3.c","g","3","control",2,"fall","Pennsylvania","Pennsylvania-fall"
"776","f.05.1",142,"d.3.f","d","3","fasted",2,"fall","Virginia","Virginia-fall"
"777","f.05.2",50,"b.3.c","b","3","control",2,"summer","Virginia","Virginia-summer"
"778","f.05.3",69,"g.3.c","g","3","control",2,"fall","Pennsylvania","Pennsylvania-fall"
"779","f.06.1",66,"d.3.f","d","3","fasted",2,"fall","Virginia","Virginia-fall"
"780","f.06.2",30,"b.3.c","b","3","control",2,"summer","Virginia","Virginia-summer"
"781","f.06.3",66,"g.3.c","g","3","control",2,"fall","Pennsylvania","Pennsylvania-fall"
"782","f.07.1",81,"d.3.f","d","3","fasted",2,"fall","Virginia","Virginia-fall"
"783","f.07.2",51,"b.3.c","b","3","control",2,"summer","Virginia","Virginia-summer"
"784","f.07.3",110,"g.3.c","g","3","control",2,"fall","Pennsylvania","Pennsylvania-fall"
"785","f.08.1",69,"e.3.f","e","3","fasted",2,"summer","Pennsylvania","Pennsylvania-summer"
"786","f.08.2",12,"b.3.c","b","3","control",2,"summer","Virginia","Virginia-summer"
"787","f.08.3",78,"g.3.c","g","3","control",2,"fall","Pennsylvania","Pennsylvania-fall"
"788","f.09.1",74,"e.3.f","e","3","fasted",2,"summer","Pennsylvania","Pennsylvania-summer"
"789","f.09.2",71,"b.3.c","b","3","control",2,"summer","Virginia","Virginia-summer"
"790","f.09.3",48,"g.3.c","g","3","control",2,"fall","Pennsylvania","Pennsylvania-fall"
"791","f.10.1",32,"e.3.f","e","3","fasted",2,"summer","Pennsylvania","Pennsylvania-summer"
"792","f.10.2",28,"b.3.c","b","3","control",2,"summer","Virginia","Virginia-summer"
"793","f.10.3",66,"g.3.c","g","3","control",2,"fall","Pennsylvania","Pennsylvania-fall"
"794","f.11.1",84,"e.3.f","e","3","fasted",2,"summer","Pennsylvania","Pennsylvania-summer"
"795","f.11.2",67,"b.3.c","b","3","control",2,"summer","Virginia","Virginia-summer"
"796","f.11.3",5,"g.3.c","g","3","control",2,"fall","Pennsylvania","Pennsylvania-fall"
"797","f.12.1",67,"e.3.f","e","3","fasted",2,"summer","Pennsylvania","Pennsylvania-summer"
"798","f.12.2",64,"b.3.c","b","3","control",2,"summer","Virginia","Virginia-summer"
"799","f.12.3",81,"g.3.c","g","3","control",2,"fall","Pennsylvania","Pennsylvania-fall"
"800","g.01.1",51,"e.3.f","e","3","fasted",2,"summer","Pennsylvania","Pennsylvania-summer"
"801","g.01.2",44,"b.3.c","b","3","control",2,"summer","Virginia","Virginia-summer"
"802","g.01.3",49,"g.3.c","g","3","control",2,"fall","Pennsylvania","Pennsylvania-fall"
"803","g.02.1",42,"e.3.f","e","3","fasted",2,"summer","Pennsylvania","Pennsylvania-summer"
"804","g.02.2",93,"b.3.c","b","3","control",2,"summer","Virginia","Virginia-summer"
"805","g.02.3",71,"g.3.c","g","3","control",2,"fall","Pennsylvania","Pennsylvania-fall"
"806","g.03.1",38,"e.3.f","e","3","fasted",2,"summer","Pennsylvania","Pennsylvania-summer"
"807","g.03.2",45,"b.3.c","b","3","control",2,"summer","Virginia","Virginia-summer"
"808","g.03.3",26,"h.3.c","h","3","control",2,"fall","Pennsylvania","Pennsylvania-fall"
"809","g.04.1",74,"e.3.f","e","3","fasted",2,"summer","Pennsylvania","Pennsylvania-summer"
"810","g.04.2",55,"b.3.c","b","3","control",2,"summer","Virginia","Virginia-summer"
"811","g.04.3",58,"h.3.c","h","3","control",2,"fall","Pennsylvania","Pennsylvania-fall"
"812","g.05.1",58,"e.3.f","e","3","fasted",2,"summer","Pennsylvania","Pennsylvania-summer"
"813","g.05.2",175,"b.3.c","b","3","control",2,"summer","Virginia","Virginia-summer"
"814","g.05.3",61,"h.3.c","h","3","control",2,"fall","Pennsylvania","Pennsylvania-fall"
"815","g.06.1",91,"e.3.f","e","3","fasted",2,"summer","Pennsylvania","Pennsylvania-summer"
"816","g.06.2",42,"b.3.c","b","3","control",2,"summer","Virginia","Virginia-summer"
"817","g.06.3",51,"h.3.c","h","3","control",2,"fall","Pennsylvania","Pennsylvania-fall"
"818","g.07.1",213,"e.3.f","e","3","fasted",2,"summer","Pennsylvania","Pennsylvania-summer"
"819","g.07.2",59,"b.3.c","b","3","control",2,"summer","Virginia","Virginia-summer"
"820","g.07.3",55,"h.3.c","h","3","control",2,"fall","Pennsylvania","Pennsylvania-fall"
"821","g.08.1",44,"e.3.f","e","3","fasted",2,"summer","Pennsylvania","Pennsylvania-summer"
"822","g.08.2",98,"c.3.c","c","3","control",2,"fall","Virginia","Virginia-fall"
"823","g.08.3",32,"h.3.c","h","3","control",2,"fall","Pennsylvania","Pennsylvania-fall"
"824","g.09.1",67,"e.3.f","e","3","fasted",2,"summer","Pennsylvania","Pennsylvania-summer"
"825","g.09.2",184,"c.3.c","c","3","control",2,"fall","Virginia","Virginia-fall"
"826","g.09.3",73,"h.3.c","h","3","control",2,"fall","Pennsylvania","Pennsylvania-fall"
"827","g.10.1",17,"e.3.f","e","3","fasted",2,"summer","Pennsylvania","Pennsylvania-summer"
"828","g.10.2",120,"c.3.c","c","3","control",2,"fall","Virginia","Virginia-fall"
"829","g.10.3",55,"h.3.c","h","3","control",2,"fall","Pennsylvania","Pennsylvania-fall"
"830","g.11.1",60,"e.3.f","e","3","fasted",2,"summer","Pennsylvania","Pennsylvania-summer"
"831","g.11.2",77,"c.3.c","c","3","control",2,"fall","Virginia","Virginia-fall"
"832","g.11.3",58,"h.3.c","h","3","control",2,"fall","Pennsylvania","Pennsylvania-fall"
"833","g.12.1",62,"e.3.f","e","3","fasted",2,"summer","Pennsylvania","Pennsylvania-summer"
"834","g.12.2",66,"c.3.c","c","3","control",2,"fall","Virginia","Virginia-fall"
"835","g.12.3",54,"h.3.c","h","3","control",2,"fall","Pennsylvania","Pennsylvania-fall"
"836","h.01.1",58,"e.3.f","e","3","fasted",2,"summer","Pennsylvania","Pennsylvania-summer"
"837","h.01.2",102,"c.3.c","c","3","control",2,"fall","Virginia","Virginia-fall"
"838","h.01.3",42,"h.3.c","h","3","control",2,"fall","Pennsylvania","Pennsylvania-fall"
"839","h.02.1",44,"f.3.f","f","3","fasted",2,"summer","Pennsylvania","Pennsylvania-summer"
"840","h.02.2",63,"c.3.c","c","3","control",2,"fall","Virginia","Virginia-fall"
"841","h.02.3",40,"h.3.c","h","3","control",2,"fall","Pennsylvania","Pennsylvania-fall"
"842","h.03.1",143,"f.3.f","f","3","fasted",2,"summer","Pennsylvania","Pennsylvania-summer"
"843","h.03.2",94,"c.3.c","c","3","control",2,"fall","Virginia","Virginia-fall"
"844","h.03.3",69,"h.3.c","h","3","control",2,"fall","Pennsylvania","Pennsylvania-fall"
"845","h.04.1",49,"f.3.f","f","3","fasted",2,"summer","Pennsylvania","Pennsylvania-summer"
"846","h.04.2",101,"c.3.c","c","3","control",2,"fall","Virginia","Virginia-fall"
"847","h.04.3",45,"h.3.c","h","3","control",2,"fall","Pennsylvania","Pennsylvania-fall"
"848","h.05.1",82,"f.3.f","f","3","fasted",2,"summer","Pennsylvania","Pennsylvania-summer"
"849","h.05.2",72,"c.3.c","c","3","control",2,"fall","Virginia","Virginia-fall"
"850","h.05.3",41,"h.3.c","h","3","control",2,"fall","Pennsylvania","Pennsylvania-fall"
"851","h.06.1",124,"f.3.f","f","3","fasted",2,"summer","Pennsylvania","Pennsylvania-summer"
"852","h.06.2",107,"c.3.c","c","3","control",2,"fall","Virginia","Virginia-fall"
"853","h.07.1",96,"f.3.f","f","3","fasted",2,"summer","Pennsylvania","Pennsylvania-summer"
"854","h.07.2",115,"c.3.c","c","3","control",2,"fall","Virginia","Virginia-fall"
"855","h.08.1",115,"f.3.f","f","3","fasted",2,"summer","Pennsylvania","Pennsylvania-summer"
"856","h.08.2",61,"c.3.c","c","3","control",2,"fall","Virginia","Virginia-fall"
"857","h.09.1",128,"f.3.f","f","3","fasted",2,"summer","Pennsylvania","Pennsylvania-summer"
"858","h.09.2",101,"c.3.c","c","3","control",2,"fall","Virginia","Virginia-fall"
"859","h.10.1",81,"f.3.f","f","3","fasted",2,"summer","Pennsylvania","Pennsylvania-summer"
"860","h.10.2",132,"c.3.c","c","3","control",2,"fall","Virginia","Virginia-fall"
"861","h.11.1",44,"f.3.f","f","3","fasted",2,"summer","Pennsylvania","Pennsylvania-summer"
"862","h.11.2",111,"c.3.c","c","3","control",2,"fall","Virginia","Virginia-fall"
"863","h.12.2",104,"c.3.c","c","3","control",2,"fall","Virginia","Virginia-fall"
